Model,Member,Var,Season,RMSE,BIAS,Both
ACCESS-CM2,r1i1p1f1,pr,DJF,3.4,-0.4,3.4234485537247377
ACCESS-CM2,r1i1p1f1,pr,MAM,4.4,-0.1,4.401136216933078
ACCESS-CM2,r1i1p1f1,pr,JJA,7.6,0.4,7.6105190361761785
ACCESS-CM2,r1i1p1f1,pr,SON,4.9,-0.6,4.9365980188789935
ACCESS-CM2,r1i1p1f1,tasmax,DJF,0.2,-0.1,0.223606797749979
ACCESS-CM2,r1i1p1f1,tasmax,MAM,0.1,0,0.1
ACCESS-CM2,r1i1p1f1,tasmax,JJA,0.1,0,0.1
ACCESS-CM2,r1i1p1f1,tasmax,SON,0.1,0,0.1
ACCESS-CM2,r1i1p1f1,tasmin,DJF,0.2,-0.1,0.223606797749979
ACCESS-CM2,r1i1p1f1,tasmin,MAM,0.1,0,0.1
ACCESS-CM2,r1i1p1f1,tasmin,JJA,0.1,0,0.1
ACCESS-CM2,r1i1p1f1,tasmin,SON,0.1,0,0.1
ACCESS-CM2,r1i1p1f1,DTR,DJF,0.1,0,0.1
ACCESS-CM2,r1i1p1f1,DTR,MAM,0.1,0,0.1
ACCESS-CM2,r1i1p1f1,DTR,JJA,0.1,0,0.1
ACCESS-CM2,r1i1p1f1,DTR,SON,0.1,0,0.1
ACCESS-CM2,r1i1p1f1,pr,Annual,10.6155546251715,0.8306623862918076,10.648004507887851
ACCESS-CM2,r1i1p1f1,tasmax,Annual,0.2645751311064591,0.1,0.28284271247461906
ACCESS-CM2,r1i1p1f1,tasmin,Annual,0.2645751311064591,0.1,0.28284271247461906
ACCESS-CM2,r1i1p1f1,DTR,Annual,0.2,0,0.2
ACCESS-CM2,r1i1p1f1,All,DJF,3.4132096331752018,0.42426406871192857,3.439476704383967
ACCESS-CM2,r1i1p1f1,All,MAM,4.403407771260801,0.1,4.404543109109049
ACCESS-CM2,r1i1p1f1,All,JJA,7.601973427998811,0.4,7.6124897372673015
ACCESS-CM2,r1i1p1f1,All,SON,4.9030602688525065,0.6,4.939635614091388
ACCESS-CM2,r1i1p1f1,All,Annual,10.624029367429294,0.8426149773176359,10.65739180099897
ACCESS-ESM1-5,r1i1p1f1,pr,DJF,3.7,1.4,3.9560080889704965
ACCESS-ESM1-5,r1i1p1f1,pr,MAM,4.3,-1,4.414748010928823
ACCESS-ESM1-5,r1i1p1f1,pr,JJA,6.3,0.8,6.350590523722971
ACCESS-ESM1-5,r1i1p1f1,pr,SON,5.1,0.2,5.103920062069938
ACCESS-ESM1-5,r1i1p1f1,tasmax,DJF,0.1,0,0.1
ACCESS-ESM1-5,r1i1p1f1,tasmax,MAM,0.1,0.1,0.14142135623730953
ACCESS-ESM1-5,r1i1p1f1,tasmax,JJA,0.2,0.1,0.223606797749979
ACCESS-ESM1-5,r1i1p1f1,tasmax,SON,0.1,0.1,0.14142135623730953
ACCESS-ESM1-5,r1i1p1f1,tasmin,DJF,0.1,0,0.1
ACCESS-ESM1-5,r1i1p1f1,tasmin,MAM,0.1,0.1,0.14142135623730953
ACCESS-ESM1-5,r1i1p1f1,tasmin,JJA,0.1,0.1,0.14142135623730953
ACCESS-ESM1-5,r1i1p1f1,tasmin,SON,0.1,0.1,0.14142135623730953
ACCESS-ESM1-5,r1i1p1f1,DTR,DJF,0.1,0,0.1
ACCESS-ESM1-5,r1i1p1f1,DTR,MAM,0.1,0,0.1
ACCESS-ESM1-5,r1i1p1f1,DTR,JJA,0.1,0,0.1
ACCESS-ESM1-5,r1i1p1f1,DTR,SON,0.1,0,0.1
ACCESS-ESM1-5,r1i1p1f1,pr,Annual,9.89343216482531,1.9078784028338913,10.075713374247998
ACCESS-ESM1-5,r1i1p1f1,tasmax,Annual,0.2645751311064591,0.17320508075688776,0.316227766016838
ACCESS-ESM1-5,r1i1p1f1,tasmin,Annual,0.2,0.17320508075688776,0.2645751311064591
ACCESS-ESM1-5,r1i1p1f1,DTR,Annual,0.2,0,0.2
ACCESS-ESM1-5,r1i1p1f1,All,DJF,3.704051835490427,1.4,3.9597979746446663
ACCESS-ESM1-5,r1i1p1f1,All,MAM,4.303486958270003,1.0099504938362078,4.42040722106007
ACCESS-ESM1-5,r1i1p1f1,All,JJA,6.304760106459245,0.8124038404635961,6.356886030125127
ACCESS-ESM1-5,r1i1p1f1,All,SON,5.10294032886923,0.24494897427831783,5.10881590977792
ACCESS-ESM1-5,r1i1p1f1,All,Annual,9.901010049484853,1.9235384061671341,10.086129089001394
AWI-CM-1-1-MR,r1i1p1f1,pr,DJF,4.8,0.7,4.850773134253961
AWI-CM-1-1-MR,r1i1p1f1,pr,MAM,5,0.3,5.008991914547277
AWI-CM-1-1-MR,r1i1p1f1,pr,JJA,7.9,-0.1,7.900632886041472
AWI-CM-1-1-MR,r1i1p1f1,pr,SON,5.2,2.2,5.646237685397242
AWI-CM-1-1-MR,r1i1p1f1,tasmax,DJF,0.2,0.3,0.36055512754639896
AWI-CM-1-1-MR,r1i1p1f1,tasmax,MAM,0.2,-0.3,0.36055512754639896
AWI-CM-1-1-MR,r1i1p1f1,tasmax,JJA,0.2,-0.1,0.223606797749979
AWI-CM-1-1-MR,r1i1p1f1,tasmax,SON,0.2,-0.1,0.223606797749979
AWI-CM-1-1-MR,r1i1p1f1,tasmin,DJF,0.1,-0.1,0.14142135623730953
AWI-CM-1-1-MR,r1i1p1f1,tasmin,MAM,0.3,-0.2,0.36055512754639896
AWI-CM-1-1-MR,r1i1p1f1,tasmin,JJA,0.1,-0.1,0.14142135623730953
AWI-CM-1-1-MR,r1i1p1f1,tasmin,SON,0.2,-0.1,0.223606797749979
AWI-CM-1-1-MR,r1i1p1f1,DTR,DJF,0.1,0,0.1
AWI-CM-1-1-MR,r1i1p1f1,DTR,MAM,0.1,0,0.1
AWI-CM-1-1-MR,r1i1p1f1,DTR,JJA,0.1,0,0.1
AWI-CM-1-1-MR,r1i1p1f1,DTR,SON,0.1,0,0.1
AWI-CM-1-1-MR,r1i1p1f1,pr,Annual,11.725612990372827,2.3302360395462087,11.954915307102766
AWI-CM-1-1-MR,r1i1p1f1,tasmax,Annual,0.4,0.44721359549995793,0.6000000000000001
AWI-CM-1-1-MR,r1i1p1f1,tasmin,Annual,0.3872983346207417,0.2645751311064591,0.46904157598234303
AWI-CM-1-1-MR,r1i1p1f1,DTR,Annual,0.2,0,0.2
AWI-CM-1-1-MR,r1i1p1f1,All,DJF,4.806245936279167,0.7681145747868608,4.867237409455183
AWI-CM-1-1-MR,r1i1p1f1,All,MAM,5.01398045468867,0.469041575982343,5.035871324805669
AWI-CM-1-1-MR,r1i1p1f1,All,JJA,7.903796556086196,0.17320508075688776,7.905694150420948
AWI-CM-1-1-MR,r1i1p1f1,All,SON,5.208646657242167,2.2045407685048604,5.655970296951709
AWI-CM-1-1-MR,r1i1p1f1,All,Annual,11.740528097151333,2.3874672772626644,11.980818002123222
BCC-CSM2-MR,r1i1p1f1,pr,DJF,1.7,-0.1,1.70293863659264
BCC-CSM2-MR,r1i1p1f1,pr,MAM,2.7,-0.2,2.7073972741361767
BCC-CSM2-MR,r1i1p1f1,pr,JJA,4.8,-0.8,4.866210024238575
BCC-CSM2-MR,r1i1p1f1,pr,SON,2.5,0.5,2.5495097567963922
BCC-CSM2-MR,r1i1p1f1,tasmax,DJF,0,0,0
BCC-CSM2-MR,r1i1p1f1,tasmax,MAM,0,0,0
BCC-CSM2-MR,r1i1p1f1,tasmax,JJA,0,0,0
BCC-CSM2-MR,r1i1p1f1,tasmax,SON,0,0,0
BCC-CSM2-MR,r1i1p1f1,tasmin,DJF,0.1,0,0.1
BCC-CSM2-MR,r1i1p1f1,tasmin,MAM,0,0,0
BCC-CSM2-MR,r1i1p1f1,tasmin,JJA,0,0,0
BCC-CSM2-MR,r1i1p1f1,tasmin,SON,0,0,0
BCC-CSM2-MR,r1i1p1f1,DTR,DJF,0,0,0
BCC-CSM2-MR,r1i1p1f1,DTR,MAM,0,0,0
BCC-CSM2-MR,r1i1p1f1,DTR,JJA,0,0,0
BCC-CSM2-MR,r1i1p1f1,DTR,SON,0,0,0
BCC-CSM2-MR,r1i1p1f1,pr,Annual,6.282515419798028,0.9695359714832659,6.356886030125127
BCC-CSM2-MR,r1i1p1f1,tasmax,Annual,0,0,0
BCC-CSM2-MR,r1i1p1f1,tasmin,Annual,0.1,0,0.1
BCC-CSM2-MR,r1i1p1f1,DTR,Annual,0,0,0
BCC-CSM2-MR,r1i1p1f1,All,DJF,1.70293863659264,0.1,1.7058722109231979
BCC-CSM2-MR,r1i1p1f1,All,MAM,2.7,0.2,2.7073972741361767
BCC-CSM2-MR,r1i1p1f1,All,JJA,4.8,0.8,4.866210024238575
BCC-CSM2-MR,r1i1p1f1,All,SON,2.5,0.5,2.5495097567963922
BCC-CSM2-MR,r1i1p1f1,All,Annual,6.2833112289620034,0.9695359714832659,6.357672530100933
CanESM5,r1i1p1f1,pr,DJF,4.7,2.1,5.1478150704935
CanESM5,r1i1p1f1,pr,MAM,4.8,0.4,4.8166378315169185
CanESM5,r1i1p1f1,pr,JJA,6,0.3,6.007495318350236
CanESM5,r1i1p1f1,pr,SON,5.1,0.5,5.124451190127583
CanESM5,r1i1p1f1,tasmax,DJF,0.1,-0.1,0.14142135623730953
CanESM5,r1i1p1f1,tasmax,MAM,0.1,0.1,0.14142135623730953
CanESM5,r1i1p1f1,tasmax,JJA,0.1,0,0.1
CanESM5,r1i1p1f1,tasmax,SON,0.1,0,0.1
CanESM5,r1i1p1f1,tasmin,DJF,0.2,0,0.2
CanESM5,r1i1p1f1,tasmin,MAM,0.2,0.1,0.223606797749979
CanESM5,r1i1p1f1,tasmin,JJA,0.1,0,0.1
CanESM5,r1i1p1f1,tasmin,SON,0.1,0,0.1
CanESM5,r1i1p1f1,DTR,DJF,0.1,0,0.1
CanESM5,r1i1p1f1,DTR,MAM,0.1,0,0.1
CanESM5,r1i1p1f1,DTR,JJA,0.1,0,0.1
CanESM5,r1i1p1f1,DTR,SON,0.1,0,0.1
CanESM5,r1i1p1f1,pr,Annual,10.350845376103344,2.215851980616034,10.58536725862641
CanESM5,r1i1p1f1,tasmax,Annual,0.2,0.14142135623730953,0.24494897427831783
CanESM5,r1i1p1f1,tasmin,Annual,0.316227766016838,0.1,0.33166247903554
CanESM5,r1i1p1f1,DTR,Annual,0.2,0,0.2
CanESM5,r1i1p1f1,All,DJF,4.706378650300038,2.1023796041628637,5.15460958754395
CanESM5,r1i1p1f1,All,MAM,4.806245936279167,0.42426406871192857,4.824935232725928
CanESM5,r1i1p1f1,All,JJA,6.002499479383567,0.3,6.009991680526688
CanESM5,r1i1p1f1,All,SON,5.10294032886923,0.5,5.127377497317708
CanESM5,r1i1p1f1,All,Annual,10.359536669175897,2.2226110770892866,10.59528196887653
CESM2-LENS,r4i1p1f1,pr,DJF,4.5,-2.5,5.1478150704935
CESM2-LENS,r4i1p1f1,pr,MAM,4.6,-0.4,4.617358552246078
CESM2-LENS,r4i1p1f1,pr,JJA,6.6,0,6.6
CESM2-LENS,r4i1p1f1,pr,SON,5.1,0.6,5.1351728305871065
CESM2-LENS,r4i1p1f1,tasmax,DJF,0.2,0,0.2
CESM2-LENS,r4i1p1f1,tasmax,MAM,0.2,-0.1,0.223606797749979
CESM2-LENS,r4i1p1f1,tasmax,JJA,0.2,-0.1,0.223606797749979
CESM2-LENS,r4i1p1f1,tasmax,SON,0.2,-0.2,0.28284271247461906
CESM2-LENS,r4i1p1f1,tasmin,DJF,0.2,-0.1,0.223606797749979
CESM2-LENS,r4i1p1f1,tasmin,MAM,0.2,-0.2,0.28284271247461906
CESM2-LENS,r4i1p1f1,tasmin,JJA,0.2,-0.1,0.223606797749979
CESM2-LENS,r4i1p1f1,tasmin,SON,0.2,-0.2,0.28284271247461906
CESM2-LENS,r4i1p1f1,DTR,DJF,0.1,0,0.1
CESM2-LENS,r4i1p1f1,DTR,MAM,0.1,0,0.1
CESM2-LENS,r4i1p1f1,DTR,JJA,0.1,0,0.1
CESM2-LENS,r4i1p1f1,DTR,SON,0.1,0,0.1
CESM2-LENS,r4i1p1f1,pr,Annual,10.534704552098269,2.6019223662515376,10.851267207105352
CESM2-LENS,r4i1p1f1,tasmax,Annual,0.4,0.24494897427831783,0.46904157598234303
CESM2-LENS,r4i1p1f1,tasmin,Annual,0.4,0.31622776601683794,0.5099019513592785
CESM2-LENS,r4i1p1f1,DTR,Annual,0.2,0,0.2
CESM2-LENS,r4i1p1f1,All,DJF,4.509988913511872,2.5019992006393608,5.157518783291051
CESM2-LENS,r4i1p1f1,All,MAM,4.6097722286464435,0.45825756949558405,4.632493928760187
CESM2-LENS,r4i1p1f1,All,JJA,6.606814663663571,0.14142135623730953,6.60832807902271
CESM2-LENS,r4i1p1f1,All,SON,5.10881590977792,0.66332495807108,5.151698748956503
CESM2-LENS,r4i1p1f1,All,Annual,10.551777101512336,2.6324893162176366,10.875201147565047
CNRM-CM6-1,r1i1p1f2,pr,DJF,1.9,0,1.9
CNRM-CM6-1,r1i1p1f2,pr,MAM,2.7,-0.1,2.701851217221259
CNRM-CM6-1,r1i1p1f2,pr,JJA,5,-0.8,5.063595560468865
CNRM-CM6-1,r1i1p1f2,pr,SON,2.4,0.3,2.4186773244895647
CNRM-CM6-1,r1i1p1f2,tasmax,DJF,0.1,0,0.1
CNRM-CM6-1,r1i1p1f2,tasmax,MAM,0,0,0
CNRM-CM6-1,r1i1p1f2,tasmax,JJA,0,0,0
CNRM-CM6-1,r1i1p1f2,tasmax,SON,0,0,0
CNRM-CM6-1,r1i1p1f2,tasmin,DJF,0.1,0,0.1
CNRM-CM6-1,r1i1p1f2,tasmin,MAM,0,0,0
CNRM-CM6-1,r1i1p1f2,tasmin,JJA,0,0,0
CNRM-CM6-1,r1i1p1f2,tasmin,SON,0,0,0
CNRM-CM6-1,r1i1p1f2,DTR,DJF,0,0,0
CNRM-CM6-1,r1i1p1f2,DTR,MAM,0,0,0
CNRM-CM6-1,r1i1p1f2,DTR,JJA,0,0,0
CNRM-CM6-1,r1i1p1f2,DTR,SON,0,0,0
CNRM-CM6-1,r1i1p1f2,pr,Annual,6.45445582524197,0.8602325267042628,6.511528238439882
CNRM-CM6-1,r1i1p1f2,tasmax,Annual,0.1,0,0.1
CNRM-CM6-1,r1i1p1f2,tasmin,Annual,0.1,0,0.1
CNRM-CM6-1,r1i1p1f2,DTR,Annual,0,0,0
CNRM-CM6-1,r1i1p1f2,All,DJF,1.9052558883257649,0,1.9052558883257649
CNRM-CM6-1,r1i1p1f2,All,MAM,2.7,0.1,2.701851217221259
CNRM-CM6-1,r1i1p1f2,All,JJA,5,0.8,5.063595560468865
CNRM-CM6-1,r1i1p1f2,All,SON,2.4,0.3,2.4186773244895647
CNRM-CM6-1,r1i1p1f2,All,Annual,6.456004956627589,0.8602325267042628,6.513063795173513
CNRM-CM6-1-HR,r1i1p1f2,pr,DJF,2.2,-0.3,2.220360331117452
CNRM-CM6-1-HR,r1i1p1f2,pr,MAM,3,-0.5,3.0413812651491097
CNRM-CM6-1-HR,r1i1p1f2,pr,JJA,5.3,-0.9,5.375872022286245
CNRM-CM6-1-HR,r1i1p1f2,pr,SON,2.4,0.1,2.4020824298928627
CNRM-CM6-1-HR,r1i1p1f2,tasmax,DJF,0.1,0,0.1
CNRM-CM6-1-HR,r1i1p1f2,tasmax,MAM,0,0,0
CNRM-CM6-1-HR,r1i1p1f2,tasmax,JJA,0,0,0
CNRM-CM6-1-HR,r1i1p1f2,tasmax,SON,0,0,0
CNRM-CM6-1-HR,r1i1p1f2,tasmin,DJF,0.1,0,0.1
CNRM-CM6-1-HR,r1i1p1f2,tasmin,MAM,0,0,0
CNRM-CM6-1-HR,r1i1p1f2,tasmin,JJA,0,0,0
CNRM-CM6-1-HR,r1i1p1f2,tasmin,SON,0,0,0
CNRM-CM6-1-HR,r1i1p1f2,DTR,DJF,0,0,0
CNRM-CM6-1-HR,r1i1p1f2,DTR,MAM,0,0,0
CNRM-CM6-1-HR,r1i1p1f2,DTR,JJA,0,0,0
CNRM-CM6-1-HR,r1i1p1f2,DTR,SON,0,0,0
CNRM-CM6-1-HR,r1i1p1f2,pr,Annual,6.905794668247818,1.0770329614269007,6.98927750200262
CNRM-CM6-1-HR,r1i1p1f2,tasmax,Annual,0.1,0,0.1
CNRM-CM6-1-HR,r1i1p1f2,tasmin,Annual,0.1,0,0.1
CNRM-CM6-1-HR,r1i1p1f2,DTR,Annual,0,0,0
CNRM-CM6-1-HR,r1i1p1f2,All,DJF,2.2045407685048604,0.3,2.224859546128699
CNRM-CM6-1-HR,r1i1p1f2,All,MAM,3,0.5,3.0413812651491097
CNRM-CM6-1-HR,r1i1p1f2,All,JJA,5.3,0.9,5.375872022286245
CNRM-CM6-1-HR,r1i1p1f2,All,SON,2.4,0.1,2.4020824298928627
CNRM-CM6-1-HR,r1i1p1f2,All,Annual,6.90724257573165,1.0770329614269007,6.990708118638626
CNRM-ESM2-1,r1i1p1f2,pr,DJF,2.2,-0.2,2.209072203437452
CNRM-ESM2-1,r1i1p1f2,pr,MAM,2.7,-0.2,2.7073972741361767
CNRM-ESM2-1,r1i1p1f2,pr,JJA,5.1,-0.8,5.162363799656123
CNRM-ESM2-1,r1i1p1f2,pr,SON,2.4,0,2.4
CNRM-ESM2-1,r1i1p1f2,tasmax,DJF,0.1,0,0.1
CNRM-ESM2-1,r1i1p1f2,tasmax,MAM,0,0,0
CNRM-ESM2-1,r1i1p1f2,tasmax,JJA,0,0,0
CNRM-ESM2-1,r1i1p1f2,tasmax,SON,0,0,0
CNRM-ESM2-1,r1i1p1f2,tasmin,DJF,0.1,0,0.1
CNRM-ESM2-1,r1i1p1f2,tasmin,MAM,0,0,0
CNRM-ESM2-1,r1i1p1f2,tasmin,JJA,0,0,0
CNRM-ESM2-1,r1i1p1f2,tasmin,SON,0,0,0
CNRM-ESM2-1,r1i1p1f2,DTR,DJF,0,0,0
CNRM-ESM2-1,r1i1p1f2,DTR,MAM,0,0,0
CNRM-ESM2-1,r1i1p1f2,DTR,JJA,0,0,0
CNRM-ESM2-1,r1i1p1f2,DTR,SON,0,0,0
CNRM-ESM2-1,r1i1p1f2,pr,Annual,6.6257075093909785,0.8485281374238571,6.679820356865894
CNRM-ESM2-1,r1i1p1f2,tasmax,Annual,0.1,0,0.1
CNRM-ESM2-1,r1i1p1f2,tasmin,Annual,0.1,0,0.1
CNRM-ESM2-1,r1i1p1f2,DTR,Annual,0,0,0
CNRM-ESM2-1,r1i1p1f2,All,DJF,2.2045407685048604,0.2,2.2135943621178655
CNRM-ESM2-1,r1i1p1f2,All,MAM,2.7,0.2,2.7073972741361767
CNRM-ESM2-1,r1i1p1f2,All,JJA,5.1,0.8,5.162363799656123
CNRM-ESM2-1,r1i1p1f2,All,SON,2.4,0,2.4
CNRM-ESM2-1,r1i1p1f2,All,Annual,6.627216610312356,0.8485281374238571,6.681317235396026
EC-Earth3,r2i1p1f1,pr,DJF,4.2,-0.1,4.201190307520001
EC-Earth3,r2i1p1f1,pr,MAM,4.4,-1.1,4.535416188179427
EC-Earth3,r2i1p1f1,pr,JJA,6.1,-1.5,6.281719509815764
EC-Earth3,r2i1p1f1,pr,SON,4.9,0.8,4.964876634922565
EC-Earth3,r2i1p1f1,tasmax,DJF,0.2,0.2,0.28284271247461906
EC-Earth3,r2i1p1f1,tasmax,MAM,0.2,0.2,0.28284271247461906
EC-Earth3,r2i1p1f1,tasmax,JJA,0.2,0.2,0.28284271247461906
EC-Earth3,r2i1p1f1,tasmax,SON,0.2,0.2,0.28284271247461906
EC-Earth3,r2i1p1f1,tasmin,DJF,0.2,0.2,0.28284271247461906
EC-Earth3,r2i1p1f1,tasmin,MAM,0.1,0.1,0.14142135623730953
EC-Earth3,r2i1p1f1,tasmin,JJA,0.2,0.2,0.28284271247461906
EC-Earth3,r2i1p1f1,tasmin,SON,0.2,0.2,0.28284271247461906
EC-Earth3,r2i1p1f1,DTR,DJF,0.1,0,0.1
EC-Earth3,r2i1p1f1,DTR,MAM,0.1,0,0.1
EC-Earth3,r2i1p1f1,DTR,JJA,0.1,0,0.1
EC-Earth3,r2i1p1f1,DTR,SON,0.1,0,0.1
EC-Earth3,r2i1p1f1,pr,Annual,9.910600385445878,2.0273134932713295,10.11582918005242
EC-Earth3,r2i1p1f1,tasmax,Annual,0.4,0.4,0.5656854249492381
EC-Earth3,r2i1p1f1,tasmin,Annual,0.36055512754639896,0.36055512754639896,0.5099019513592785
EC-Earth3,r2i1p1f1,DTR,Annual,0.2,0,0.2
EC-Earth3,r2i1p1f1,All,DJF,4.21070065428546,0.30000000000000004,4.221374183841086
EC-Earth3,r2i1p1f1,All,MAM,4.406812907306141,1.1224972160321824,4.54752680036083
EC-Earth3,r2i1p1f1,All,JJA,6.107372593840988,1.5264337522473748,6.295236294214855
EC-Earth3,r2i1p1f1,All,SON,4.909175083453431,0.8485281374238571,4.98196748283246
EC-Earth3,r2i1p1f1,All,Annual,9.927235264664581,2.0976176963403033,10.146427942877244
EC-Earth3-Veg,r4i1p1f1,pr,DJF,3.6,-0.4,3.622154055254967
EC-Earth3-Veg,r4i1p1f1,pr,MAM,4.5,-1.1,4.632493928760188
EC-Earth3-Veg,r4i1p1f1,pr,JJA,6.9,0.7,6.935416353759881
EC-Earth3-Veg,r4i1p1f1,pr,SON,5.6,1.3,5.748912940721924
EC-Earth3-Veg,r4i1p1f1,tasmax,DJF,0.6,-0.5,0.7810249675906654
EC-Earth3-Veg,r4i1p1f1,tasmax,MAM,0.5,-0.4,0.6403124237432849
EC-Earth3-Veg,r4i1p1f1,tasmax,JJA,0.5,-0.5,0.7071067811865476
EC-Earth3-Veg,r4i1p1f1,tasmax,SON,0.4,-0.4,0.5656854249492381
EC-Earth3-Veg,r4i1p1f1,tasmin,DJF,0.7,-0.6,0.9219544457292886
EC-Earth3-Veg,r4i1p1f1,tasmin,MAM,0.5,-0.4,0.6403124237432849
EC-Earth3-Veg,r4i1p1f1,tasmin,JJA,0.5,-0.4,0.6403124237432849
EC-Earth3-Veg,r4i1p1f1,tasmin,SON,0.5,-0.4,0.6403124237432849
EC-Earth3-Veg,r4i1p1f1,DTR,DJF,0.1,0.1,0.14142135623730953
EC-Earth3-Veg,r4i1p1f1,DTR,MAM,0.1,0,0.1
EC-Earth3-Veg,r4i1p1f1,DTR,JJA,0.1,0,0.1
EC-Earth3-Veg,r4i1p1f1,DTR,SON,0.1,0,0.1
EC-Earth3-Veg,r4i1p1f1,pr,Annual,10.591506030777682,1.8841443681416772,10.757787876696584
EC-Earth3-Veg,r4i1p1f1,tasmax,Annual,1.0099504938362078,0.9055385138137417,1.3564659966250538
EC-Earth3-Veg,r4i1p1f1,tasmin,Annual,1.1135528725660044,0.9165151389911681,1.4422205101855958
EC-Earth3-Veg,r4i1p1f1,DTR,Annual,0.2,0.1,0.223606797749979
EC-Earth3-Veg,r4i1p1f1,All,DJF,3.7175260590882213,0.8831760866327847,3.82099463490856
EC-Earth3-Veg,r4i1p1f1,All,MAM,4.5563142999578075,1.2369316876852983,4.72122865364515
EC-Earth3-Veg,r4i1p1f1,All,JJA,6.93685807840985,0.9486832980505138,7.001428425685718
EC-Earth3-Veg,r4i1p1f1,All,SON,5.637375275782161,1.4177446878757827,5.812916651733446
EC-Earth3-Veg,r4i1p1f1,All,Annual,10.699532700076206,2.2847319317591728,10.940749517286282
FGOALS-g3,r3i1p1f1,pr,DJF,3.6,1.1,3.7643060449437424
FGOALS-g3,r3i1p1f1,pr,MAM,5.4,-0.1,5.400925846556311
FGOALS-g3,r3i1p1f1,pr,JJA,6.3,-0.2,6.30317380372777
FGOALS-g3,r3i1p1f1,pr,SON,3.9,-0.4,3.9204591567825315
FGOALS-g3,r3i1p1f1,tasmax,DJF,0.2,-0.1,0.223606797749979
FGOALS-g3,r3i1p1f1,tasmax,MAM,0.1,0,0.1
FGOALS-g3,r3i1p1f1,tasmax,JJA,0.1,0,0.1
FGOALS-g3,r3i1p1f1,tasmax,SON,0.1,0,0.1
FGOALS-g3,r3i1p1f1,tasmin,DJF,0.2,-0.1,0.223606797749979
FGOALS-g3,r3i1p1f1,tasmin,MAM,0.1,0,0.1
FGOALS-g3,r3i1p1f1,tasmin,JJA,0,0,0
FGOALS-g3,r3i1p1f1,tasmin,SON,0.1,0,0.1
FGOALS-g3,r3i1p1f1,DTR,DJF,0.1,0,0.1
FGOALS-g3,r3i1p1f1,DTR,MAM,0.1,0,0.1
FGOALS-g3,r3i1p1f1,DTR,JJA,0,0,0
FGOALS-g3,r3i1p1f1,DTR,SON,0.1,0,0.1
FGOALS-g3,r3i1p1f1,pr,Annual,9.849873095629201,1.1916375287812986,9.92169340384997
FGOALS-g3,r3i1p1f1,tasmax,Annual,0.2645751311064591,0.1,0.28284271247461906
FGOALS-g3,r3i1p1f1,tasmin,Annual,0.24494897427831783,0.1,0.2645751311064591
FGOALS-g3,r3i1p1f1,DTR,Annual,0.17320508075688776,0,0.17320508075688776
FGOALS-g3,r3i1p1f1,All,DJF,3.6124783736376886,1.1090536506409419,3.778888725538237
FGOALS-g3,r3i1p1f1,All,MAM,5.402777063696041,0.1,5.403702434442519
FGOALS-g3,r3i1p1f1,All,JJA,6.300793600809345,0.2,6.3039670049897945
FGOALS-g3,r3i1p1f1,All,SON,3.903844259188627,0.4,3.9242833740697165
FGOALS-g3,r3i1p1f1,All,Annual,9.857991681879229,1.2000000000000002,9.930760293149767
GFDL-CM4,r1i1p1f1,pr,DJF,1.7,0.1,1.70293863659264
GFDL-CM4,r1i1p1f1,pr,MAM,2.6,-0.3,2.6172504656604803
GFDL-CM4,r1i1p1f1,pr,JJA,5.1,-1,5.197114584074513
GFDL-CM4,r1i1p1f1,pr,SON,2.3,0.4,2.33452350598575
GFDL-CM4,r1i1p1f1,tasmax,DJF,0.1,0,0.1
GFDL-CM4,r1i1p1f1,tasmax,MAM,0,0,0
GFDL-CM4,r1i1p1f1,tasmax,JJA,0,0,0
GFDL-CM4,r1i1p1f1,tasmax,SON,0,0,0
GFDL-CM4,r1i1p1f1,tasmin,DJF,0.1,0,0.1
GFDL-CM4,r1i1p1f1,tasmin,MAM,0,0,0
GFDL-CM4,r1i1p1f1,tasmin,JJA,0,0,0
GFDL-CM4,r1i1p1f1,tasmin,SON,0,0,0
GFDL-CM4,r1i1p1f1,DTR,DJF,0,0,0
GFDL-CM4,r1i1p1f1,DTR,MAM,0,0,0
GFDL-CM4,r1i1p1f1,DTR,JJA,0,0,0
GFDL-CM4,r1i1p1f1,DTR,SON,0,0,0
GFDL-CM4,r1i1p1f1,pr,Annual,6.3992187023104625,1.1224972160321824,6.496922348312314
GFDL-CM4,r1i1p1f1,tasmax,Annual,0.1,0,0.1
GFDL-CM4,r1i1p1f1,tasmin,Annual,0.1,0,0.1
GFDL-CM4,r1i1p1f1,DTR,Annual,0,0,0
GFDL-CM4,r1i1p1f1,All,DJF,1.7058722109231979,0.1,1.708800749063506
GFDL-CM4,r1i1p1f1,All,MAM,2.6,0.3,2.6172504656604803
GFDL-CM4,r1i1p1f1,All,JJA,5.1,1,5.197114584074513
GFDL-CM4,r1i1p1f1,All,SON,2.3,0.4,2.33452350598575
GFDL-CM4,r1i1p1f1,All,Annual,6.400781202322103,1.1224972160321824,6.498461356351978
GFDL-ESM4,r1i1p1f1,pr,DJF,1.8,-0.2,1.8110770276274835
GFDL-ESM4,r1i1p1f1,pr,MAM,2.6,-0.4,2.6305892875931813
GFDL-ESM4,r1i1p1f1,pr,JJA,4.6,-0.8,4.6690470119715
GFDL-ESM4,r1i1p1f1,pr,SON,2.4,0.3,2.4186773244895647
GFDL-ESM4,r1i1p1f1,tasmax,DJF,0,0,0
GFDL-ESM4,r1i1p1f1,tasmax,MAM,0,0,0
GFDL-ESM4,r1i1p1f1,tasmax,JJA,0,0,0
GFDL-ESM4,r1i1p1f1,tasmax,SON,0,0,0
GFDL-ESM4,r1i1p1f1,tasmin,DJF,0,0,0
GFDL-ESM4,r1i1p1f1,tasmin,MAM,0,0,0
GFDL-ESM4,r1i1p1f1,tasmin,JJA,0,0,0
GFDL-ESM4,r1i1p1f1,tasmin,SON,0,0,0
GFDL-ESM4,r1i1p1f1,DTR,DJF,0,0,0
GFDL-ESM4,r1i1p1f1,DTR,MAM,0,0,0
GFDL-ESM4,r1i1p1f1,DTR,JJA,0,0,0
GFDL-ESM4,r1i1p1f1,DTR,SON,0,0,0
GFDL-ESM4,r1i1p1f1,pr,Annual,6.076183012385324,0.9643650760992956,6.15223536610881
GFDL-ESM4,r1i1p1f1,tasmax,Annual,0,0,0
GFDL-ESM4,r1i1p1f1,tasmin,Annual,0,0,0
GFDL-ESM4,r1i1p1f1,DTR,Annual,0,0,0
GFDL-ESM4,r1i1p1f1,All,DJF,1.8,0.2,1.8110770276274835
GFDL-ESM4,r1i1p1f1,All,MAM,2.6,0.4,2.6305892875931813
GFDL-ESM4,r1i1p1f1,All,JJA,4.6,0.8,4.6690470119715
GFDL-ESM4,r1i1p1f1,All,SON,2.4,0.3,2.4186773244895647
GFDL-ESM4,r1i1p1f1,All,Annual,6.076183012385324,0.9643650760992956,6.15223536610881
HadGEM3-GC31-LL,r3i1p1f3,pr,DJF,3.7,-1,3.83275357934736
HadGEM3-GC31-LL,r3i1p1f3,pr,MAM,4.6,-0.5,4.62709412050371
HadGEM3-GC31-LL,r3i1p1f3,pr,JJA,6.3,1.9,6.58027355054484
HadGEM3-GC31-LL,r3i1p1f3,pr,SON,4.7,-0.9,4.78539444560216
HadGEM3-GC31-LL,r3i1p1f3,tasmax,DJF,0.1,0,0.1
HadGEM3-GC31-LL,r3i1p1f3,tasmax,MAM,0.1,0,0.1
HadGEM3-GC31-LL,r3i1p1f3,tasmax,JJA,0.1,-0.1,0.14142135623730953
HadGEM3-GC31-LL,r3i1p1f3,tasmax,SON,0.1,0.1,0.14142135623730953
HadGEM3-GC31-LL,r3i1p1f3,tasmin,DJF,0.2,-0.1,0.223606797749979
HadGEM3-GC31-LL,r3i1p1f3,tasmin,MAM,0.1,0.1,0.14142135623730953
HadGEM3-GC31-LL,r3i1p1f3,tasmin,JJA,0.1,0,0.1
HadGEM3-GC31-LL,r3i1p1f3,tasmin,SON,0.1,0.1,0.14142135623730953
HadGEM3-GC31-LL,r3i1p1f3,DTR,DJF,0.1,0,0.1
HadGEM3-GC31-LL,r3i1p1f3,DTR,MAM,0.1,0,0.1
HadGEM3-GC31-LL,r3i1p1f3,DTR,JJA,0.1,0.1,0.14142135623730953
HadGEM3-GC31-LL,r3i1p1f3,DTR,SON,0.1,0,0.1
HadGEM3-GC31-LL,r3i1p1f3,pr,Annual,9.830055951010655,2.3811761799581315,10.114346246792227
HadGEM3-GC31-LL,r3i1p1f3,tasmax,Annual,0.2,0.14142135623730953,0.24494897427831783
HadGEM3-GC31-LL,r3i1p1f3,tasmin,Annual,0.2645751311064591,0.17320508075688776,0.316227766016838
HadGEM3-GC31-LL,r3i1p1f3,DTR,Annual,0.2,0.1,0.223606797749979
HadGEM3-GC31-LL,r3i1p1f3,All,DJF,3.7080992435478315,1.004987562112089,3.8418745424597094
HadGEM3-GC31-LL,r3i1p1f3,All,MAM,4.603259714593562,0.5099019513592785,4.631414470763764
HadGEM3-GC31-LL,r3i1p1f3,All,JJA,6.302380502635492,1.9052558883257649,6.584071688552608
HadGEM3-GC31-LL,r3i1p1f3,All,SON,4.70319040652194,0.9110433579144299,4.790615826801394
HadGEM3-GC31-LL,r3i1p1f3,All,Annual,9.837682653958709,2.3937418407171642,10.124722218411728
HadGEM3-GC31-MM,r2i1p1f3,pr,DJF,4,1.4,4.237924020083418
HadGEM3-GC31-MM,r2i1p1f3,pr,MAM,4.2,-1,4.317406628984581
HadGEM3-GC31-MM,r2i1p1f3,pr,JJA,5.9,0,5.9
HadGEM3-GC31-MM,r2i1p1f3,pr,SON,4.6,1.4,4.808326112068523
HadGEM3-GC31-MM,r2i1p1f3,tasmax,DJF,0.1,0,0.1
HadGEM3-GC31-MM,r2i1p1f3,tasmax,MAM,0.1,0,0.1
HadGEM3-GC31-MM,r2i1p1f3,tasmax,JJA,0.1,0,0.1
HadGEM3-GC31-MM,r2i1p1f3,tasmax,SON,0.1,0,0.1
HadGEM3-GC31-MM,r2i1p1f3,tasmin,DJF,0.2,0,0.2
HadGEM3-GC31-MM,r2i1p1f3,tasmin,MAM,0.1,0,0.1
HadGEM3-GC31-MM,r2i1p1f3,tasmin,JJA,0.1,0,0.1
HadGEM3-GC31-MM,r2i1p1f3,tasmin,SON,0.1,0,0.1
HadGEM3-GC31-MM,r2i1p1f3,DTR,DJF,0.1,0,0.1
HadGEM3-GC31-MM,r2i1p1f3,DTR,MAM,0.1,0,0.1
HadGEM3-GC31-MM,r2i1p1f3,DTR,JJA,0.1,0,0.1
HadGEM3-GC31-MM,r2i1p1f3,DTR,SON,0.1,0.1,0.14142135623730953
HadGEM3-GC31-MM,r2i1p1f3,pr,Annual,9.466255859631092,2.2181073012818833,9.72265395866787
HadGEM3-GC31-MM,r2i1p1f3,tasmax,Annual,0.2,0,0.2
HadGEM3-GC31-MM,r2i1p1f3,tasmin,Annual,0.2645751311064591,0,0.2645751311064591
HadGEM3-GC31-MM,r2i1p1f3,DTR,Annual,0.2,0.1,0.223606797749979
HadGEM3-GC31-MM,r2i1p1f3,All,DJF,4.007492981902776,1.4,4.244997055358225
HadGEM3-GC31-MM,r2i1p1f3,All,MAM,4.203569911396741,1,4.320879540093661
HadGEM3-GC31-MM,r2i1p1f3,All,JJA,5.902541825349482,0,5.902541825349482
HadGEM3-GC31-MM,r2i1p1f3,All,SON,4.603259714593562,1.40356688476182,4.812483766206387
HadGEM3-GC31-MM,r2i1p1f3,All,Annual,9.474175425861612,2.2203603311174516,9.730878685915268
INM-CM4-8,r1i1p1f1,pr,DJF,2.4,-0.5,2.4515301344262523
INM-CM4-8,r1i1p1f1,pr,MAM,3.1,-0.3,3.1144823004794877
INM-CM4-8,r1i1p1f1,pr,JJA,5.3,-0.4,5.315072906367325
INM-CM4-8,r1i1p1f1,pr,SON,2.9,0.1,2.9017236257093817
INM-CM4-8,r1i1p1f1,tasmax,DJF,0,0,0
INM-CM4-8,r1i1p1f1,tasmax,MAM,0,0,0
INM-CM4-8,r1i1p1f1,tasmax,JJA,0,0,0
INM-CM4-8,r1i1p1f1,tasmax,SON,0,0,0
INM-CM4-8,r1i1p1f1,tasmin,DJF,0.1,0,0.1
INM-CM4-8,r1i1p1f1,tasmin,MAM,0,0,0
INM-CM4-8,r1i1p1f1,tasmin,JJA,0,0,0
INM-CM4-8,r1i1p1f1,tasmin,SON,0,0,0
INM-CM4-8,r1i1p1f1,DTR,DJF,0,0,0
INM-CM4-8,r1i1p1f1,DTR,MAM,0,0,0
INM-CM4-8,r1i1p1f1,DTR,JJA,0,0,0
INM-CM4-8,r1i1p1f1,DTR,SON,0,0,0
INM-CM4-8,r1i1p1f1,pr,Annual,7.202083032012336,0.714142842854285,7.23740284908889
INM-CM4-8,r1i1p1f1,tasmax,Annual,0,0,0
INM-CM4-8,r1i1p1f1,tasmin,Annual,0.1,0,0.1
INM-CM4-8,r1i1p1f1,DTR,Annual,0,0,0
INM-CM4-8,r1i1p1f1,All,DJF,2.4020824298928627,0.5,2.453568829277059
INM-CM4-8,r1i1p1f1,All,MAM,3.1,0.3,3.1144823004794877
INM-CM4-8,r1i1p1f1,All,JJA,5.3,0.4,5.315072906367325
INM-CM4-8,r1i1p1f1,All,SON,2.9,0.1,2.9017236257093817
INM-CM4-8,r1i1p1f1,All,Annual,7.202777242147643,0.714142842854285,7.238093671679027
INM-CM5-0,r4i1p1f1,pr,DJF,2.9,0,2.9
INM-CM5-0,r4i1p1f1,pr,MAM,5.3,-1.1,5.412947441089743
INM-CM5-0,r4i1p1f1,pr,JJA,6,-1.3,6.139218191268331
INM-CM5-0,r4i1p1f1,pr,SON,3.9,0.1,3.9012818406262317
INM-CM5-0,r4i1p1f1,tasmax,DJF,0.1,-0.1,0.14142135623730953
INM-CM5-0,r4i1p1f1,tasmax,MAM,0.1,0,0.1
INM-CM5-0,r4i1p1f1,tasmax,JJA,0.1,0,0.1
INM-CM5-0,r4i1p1f1,tasmax,SON,0.1,0,0.1
INM-CM5-0,r4i1p1f1,tasmin,DJF,0.7,0.1,0.7071067811865475
INM-CM5-0,r4i1p1f1,tasmin,MAM,0.6,-0.5,0.7810249675906654
INM-CM5-0,r4i1p1f1,tasmin,JJA,0.3,-0.2,0.36055512754639896
INM-CM5-0,r4i1p1f1,tasmin,SON,0.3,-0.2,0.36055512754639896
INM-CM5-0,r4i1p1f1,DTR,DJF,0.1,0,0.1
INM-CM5-0,r4i1p1f1,DTR,MAM,0.1,0,0.1
INM-CM5-0,r4i1p1f1,DTR,JJA,0.1,0,0.1
INM-CM5-0,r4i1p1f1,DTR,SON,0.1,0,0.1
INM-CM5-0,r4i1p1f1,pr,Annual,9.365361712181755,1.705872210923198,9.51945376584182
INM-CM5-0,r4i1p1f1,tasmax,Annual,0.2,0.1,0.223606797749979
INM-CM5-0,r4i1p1f1,tasmin,Annual,1.014889156509222,0.5830951894845301,1.1704699910719625
INM-CM5-0,r4i1p1f1,DTR,Annual,0.2,0,0.2
INM-CM5-0,r4i1p1f1,All,DJF,2.986636904613616,0.14142135623730953,2.9899832775452104
INM-CM5-0,r4i1p1f1,All,MAM,5.335728628781641,1.2083045973594573,5.470831746635972
INM-CM5-0,r4i1p1f1,All,JJA,6.009159675029446,1.3152946437965907,6.151422599691879
INM-CM5-0,r4i1p1f1,All,SON,3.9140771581561853,0.223606797749979,3.9204591567825315
INM-CM5-0,r4i1p1f1,All,Annual,9.424436322666732,1.8055470085267789,9.595832428716129
IPSL-CM6A-LR,r3i1p1f1,pr,DJF,4,-1.3,4.205948168962618
IPSL-CM6A-LR,r3i1p1f1,pr,MAM,5.1,-1.4,5.288667128870941
IPSL-CM6A-LR,r3i1p1f1,pr,JJA,7,-1.1,7.08590149522275
IPSL-CM6A-LR,r3i1p1f1,pr,SON,4.3,-1.1,4.43846820423443
IPSL-CM6A-LR,r3i1p1f1,tasmax,DJF,0.1,0.1,0.14142135623730953
IPSL-CM6A-LR,r3i1p1f1,tasmax,MAM,0.1,0.1,0.14142135623730953
IPSL-CM6A-LR,r3i1p1f1,tasmax,JJA,0.1,0,0.1
IPSL-CM6A-LR,r3i1p1f1,tasmax,SON,0.1,0,0.1
IPSL-CM6A-LR,r3i1p1f1,tasmin,DJF,0.7,-0.5,0.8602325267042626
IPSL-CM6A-LR,r3i1p1f1,tasmin,MAM,0.5,-0.2,0.5385164807134505
IPSL-CM6A-LR,r3i1p1f1,tasmin,JJA,0.7,-0.6,0.9219544457292886
IPSL-CM6A-LR,r3i1p1f1,tasmin,SON,0.8,-0.8,1.1313708498984762
IPSL-CM6A-LR,r3i1p1f1,DTR,DJF,0.1,0,0.1
IPSL-CM6A-LR,r3i1p1f1,DTR,MAM,0.1,0,0.1
IPSL-CM6A-LR,r3i1p1f1,DTR,JJA,0.1,0,0.1
IPSL-CM6A-LR,r3i1p1f1,DTR,SON,0.1,0,0.1
IPSL-CM6A-LR,r3i1p1f1,pr,Annual,10.464224768228174,2.463736998950984,10.750348831549607
IPSL-CM6A-LR,r3i1p1f1,tasmax,Annual,0.2,0.14142135623730953,0.24494897427831783
IPSL-CM6A-LR,r3i1p1f1,tasmin,Annual,1.3674794331177345,1.1357816691600546,1.7776388834631178
IPSL-CM6A-LR,r3i1p1f1,DTR,Annual,0.2,0,0.2
IPSL-CM6A-LR,r3i1p1f1,All,DJF,4.063249930782009,1.3964240043768943,4.296510211788168
IPSL-CM6A-LR,r3i1p1f1,All,MAM,5.126402247190518,1.4177446878757824,5.3188344587888805
IPSL-CM6A-LR,r3i1p1f1,All,JJA,7.036334272900912,1.252996408614167,7.147027354082255
IPSL-CM6A-LR,r3i1p1f1,All,SON,4.376071297408213,1.3601470508735445,4.582575694955841
IPSL-CM6A-LR,r3i1p1f1,All,Annual,10.556988206870367,2.716615541441225,10.900917392586738
KACE-1-0-G,r2i1p1f1,pr,DJF,4.6,1.8,4.9396356140913875
KACE-1-0-G,r2i1p1f1,pr,MAM,4.5,0.8,4.570557952810575
KACE-1-0-G,r2i1p1f1,pr,JJA,7.6,-0.5,7.616429609731846
KACE-1-0-G,r2i1p1f1,pr,SON,4.7,-0.9,4.78539444560216
KACE-1-0-G,r2i1p1f1,tasmax,DJF,0.1,0,0.1
KACE-1-0-G,r2i1p1f1,tasmax,MAM,0.1,0.1,0.14142135623730953
KACE-1-0-G,r2i1p1f1,tasmax,JJA,0.2,0.1,0.223606797749979
KACE-1-0-G,r2i1p1f1,tasmax,SON,0.2,0.2,0.28284271247461906
KACE-1-0-G,r2i1p1f1,tasmin,DJF,0.1,0.1,0.14142135623730953
KACE-1-0-G,r2i1p1f1,tasmin,MAM,0.1,0.1,0.14142135623730953
KACE-1-0-G,r2i1p1f1,tasmin,JJA,0.1,0.1,0.14142135623730953
KACE-1-0-G,r2i1p1f1,tasmin,SON,0.2,0.1,0.223606797749979
KACE-1-0-G,r2i1p1f1,DTR,DJF,0.1,0,0.1
KACE-1-0-G,r2i1p1f1,DTR,MAM,0.1,0,0.1
KACE-1-0-G,r2i1p1f1,DTR,JJA,0.1,0,0.1
KACE-1-0-G,r2i1p1f1,DTR,SON,0.1,0.1,0.14142135623730953
KACE-1-0-G,r2i1p1f1,pr,Annual,11.011811840019789,2.222611077089287,11.233877335986895
KACE-1-0-G,r2i1p1f1,tasmax,Annual,0.31622776601683794,0.24494897427831783,0.4
KACE-1-0-G,r2i1p1f1,tasmin,Annual,0.2645751311064591,0.2,0.33166247903554
KACE-1-0-G,r2i1p1f1,DTR,Annual,0.2,0.1,0.223606797749979
KACE-1-0-G,r2i1p1f1,All,DJF,4.603259714593562,1.8027756377319946,4.94368283772331
KACE-1-0-G,r2i1p1f1,All,MAM,4.503332099679081,0.8124038404635961,4.576024475459021
KACE-1-0-G,r2i1p1f1,All,JJA,7.603946343840151,0.5196152422706632,7.6216796049164905
KACE-1-0-G,r2i1p1f1,All,SON,4.709564735726647,0.9327379053088816,4.801041553663122
KACE-1-0-G,r2i1p1f1,All,Annual,11.021342930877346,2.247220505424423,11.248110952511098
MIROC6,r1i1p1f1,pr,DJF,3.7,-1,3.83275357934736
MIROC6,r1i1p1f1,pr,MAM,3.8,0.3,3.8118237105091834
MIROC6,r1i1p1f1,pr,JJA,5.8,-0.7,5.842088667591412
MIROC6,r1i1p1f1,pr,SON,0.6,-1.6,1.7088007490635064
MIROC6,r1i1p1f1,tasmax,DJF,0.2,-0.2,0.28284271247461906
MIROC6,r1i1p1f1,tasmax,MAM,0.2,-0.2,0.28284271247461906
MIROC6,r1i1p1f1,tasmax,JJA,0.1,0,0.1
MIROC6,r1i1p1f1,tasmax,SON,0.1,0.1,0.14142135623730953
MIROC6,r1i1p1f1,tasmin,DJF,0.2,-0.2,0.28284271247461906
MIROC6,r1i1p1f1,tasmin,MAM,0.2,-0.2,0.28284271247461906
MIROC6,r1i1p1f1,tasmin,JJA,0.1,0,0.1
MIROC6,r1i1p1f1,tasmin,SON,0.1,0,0.1
MIROC6,r1i1p1f1,DTR,DJF,0.1,0,0.1
MIROC6,r1i1p1f1,DTR,MAM,0.1,0,0.1
MIROC6,r1i1p1f1,DTR,JJA,0.1,0,0.1
MIROC6,r1i1p1f1,DTR,SON,0.1,0,0.1
MIROC6,r1i1p1f1,pr,Annual,7.882258559575422,2.0346989949375804,8.140638795573723
MIROC6,r1i1p1f1,tasmax,Annual,0.316227766016838,0.30000000000000004,0.43588989435406744
MIROC6,r1i1p1f1,tasmin,Annual,0.316227766016838,0.28284271247461906,0.42426406871192857
MIROC6,r1i1p1f1,DTR,Annual,0.2,0,0.2
MIROC6,r1i1p1f1,All,DJF,3.712142238654117,1.0392304845413265,3.854867053479276
MIROC6,r1i1p1f1,All,MAM,3.8118237105091834,0.41231056256176607,3.8340579025361623
MIROC6,r1i1p1f1,All,JJA,5.802585630561603,0.7,5.844655678480983
MIROC6,r1i1p1f1,All,SON,0.6244997998398398,1.6031219541881399,1.7204650534085253
MIROC6,r1i1p1f1,All,Annual,7.897467948652909,2.0760539492026697,8.165782265037446
MPI-ESM1-2-HR,r10i1p1f1,pr,DJF,4.2,-2.2,4.741307836451879
MPI-ESM1-2-HR,r10i1p1f1,pr,MAM,4.2,0.2,4.2047592083257275
MPI-ESM1-2-HR,r10i1p1f1,pr,JJA,6.8,0.7,6.83593446428504
MPI-ESM1-2-HR,r10i1p1f1,pr,SON,6.8,0.7,6.83593446428504
MPI-ESM1-2-HR,r10i1p1f1,tasmax,DJF,0.1,-0.1,0.14142135623730953
MPI-ESM1-2-HR,r10i1p1f1,tasmax,MAM,0.2,-0.1,0.223606797749979
MPI-ESM1-2-HR,r10i1p1f1,tasmax,JJA,0.1,-0.1,0.14142135623730953
MPI-ESM1-2-HR,r10i1p1f1,tasmax,SON,0.1,0,0.1
MPI-ESM1-2-HR,r10i1p1f1,tasmin,DJF,0.1,-0.1,0.14142135623730953
MPI-ESM1-2-HR,r10i1p1f1,tasmin,MAM,0.1,-0.1,0.14142135623730953
MPI-ESM1-2-HR,r10i1p1f1,tasmin,JJA,0.1,-0.1,0.14142135623730953
MPI-ESM1-2-HR,r10i1p1f1,tasmin,SON,0.1,0,0.1
MPI-ESM1-2-HR,r10i1p1f1,DTR,DJF,0.1,0,0.1
MPI-ESM1-2-HR,r10i1p1f1,DTR,MAM,0.1,0,0.1
MPI-ESM1-2-HR,r10i1p1f1,DTR,JJA,0.1,0,0.1
MPI-ESM1-2-HR,r10i1p1f1,DTR,SON,0.1,0,0.1
MPI-ESM1-2-HR,r10i1p1f1,pr,Annual,11.303096920755832,2.420743687382041,11.559411749738825
MPI-ESM1-2-HR,r10i1p1f1,tasmax,Annual,0.2645751311064591,0.17320508075688776,0.316227766016838
MPI-ESM1-2-HR,r10i1p1f1,tasmin,Annual,0.2,0.17320508075688776,0.2645751311064591
MPI-ESM1-2-HR,r10i1p1f1,DTR,Annual,0.2,0,0.2
MPI-ESM1-2-HR,r10i1p1f1,All,DJF,4.203569911396741,2.2045407685048604,4.746577714522328
MPI-ESM1-2-HR,r10i1p1f1,All,MAM,4.207136793592526,0.24494897427831783,4.214261501141096
MPI-ESM1-2-HR,r10i1p1f1,All,JJA,6.8022055246809465,0.714142842854285,6.839590631024636
MPI-ESM1-2-HR,r10i1p1f1,All,SON,6.8022055246809465,0.7,6.838128398911502
MPI-ESM1-2-HR,r10i1p1f1,All,Annual,11.30973032392904,2.4331050121192876,11.568491690795298
MPI-ESM1-2-LR,r10i1p1f1,pr,DJF,3.6,0.8,3.687817782917155
MPI-ESM1-2-LR,r10i1p1f1,pr,MAM,6,0.6,6.029925372672534
MPI-ESM1-2-LR,r10i1p1f1,pr,JJA,8.1,0.3,8.105553651663778
MPI-ESM1-2-LR,r10i1p1f1,pr,SON,5.1,-0.9,5.1788029504896205
MPI-ESM1-2-LR,r10i1p1f1,tasmax,DJF,0.2,0.1,0.223606797749979
MPI-ESM1-2-LR,r10i1p1f1,tasmax,MAM,0.1,0,0.1
MPI-ESM1-2-LR,r10i1p1f1,tasmax,JJA,0.2,0,0.2
MPI-ESM1-2-LR,r10i1p1f1,tasmax,SON,0.2,0.1,0.223606797749979
MPI-ESM1-2-LR,r10i1p1f1,tasmin,DJF,0.2,0.2,0.28284271247461906
MPI-ESM1-2-LR,r10i1p1f1,tasmin,MAM,0.1,0,0.1
MPI-ESM1-2-LR,r10i1p1f1,tasmin,JJA,0.1,0,0.1
MPI-ESM1-2-LR,r10i1p1f1,tasmin,SON,0.2,0.1,0.223606797749979
MPI-ESM1-2-LR,r10i1p1f1,DTR,DJF,0.1,0,0.1
MPI-ESM1-2-LR,r10i1p1f1,DTR,MAM,0.1,0,0.1
MPI-ESM1-2-LR,r10i1p1f1,DTR,JJA,0.1,0,0.1
MPI-ESM1-2-LR,r10i1p1f1,DTR,SON,0.1,0,0.1
MPI-ESM1-2-LR,r10i1p1f1,pr,Annual,11.856643707221702,1.3784048752090223,11.936498649101418
MPI-ESM1-2-LR,r10i1p1f1,tasmax,Annual,0.36055512754639896,0.14142135623730953,0.3872983346207417
MPI-ESM1-2-LR,r10i1p1f1,tasmin,Annual,0.31622776601683794,0.223606797749979,0.38729833462074176
MPI-ESM1-2-LR,r10i1p1f1,DTR,Annual,0.2,0,0.2
MPI-ESM1-2-LR,r10i1p1f1,All,DJF,3.6124783736376886,0.8306623862918076,3.7067505985701277
MPI-ESM1-2-LR,r10i1p1f1,All,MAM,6.002499479383567,0.6,6.0324124527422684
MPI-ESM1-2-LR,r10i1p1f1,All,JJA,8.10370285733627,0.3,8.109253973085318
MPI-ESM1-2-LR,r10i1p1f1,All,SON,5.10881590977792,0.9110433579144299,5.189412298131649
MPI-ESM1-2-LR,r10i1p1f1,All,Annual,11.868024266911485,1.4035668847618201,11.950732195141846
MRI-ESM2-0,r5i1p1f1,pr,DJF,3.5,-0.2,3.5057096285916205
MRI-ESM2-0,r5i1p1f1,pr,MAM,4.6,-0.1,4.601086828130936
MRI-ESM2-0,r5i1p1f1,pr,JJA,6.3,0.4,6.312685640834651
MRI-ESM2-0,r5i1p1f1,pr,SON,3.7,1.1,3.8600518131237567
MRI-ESM2-0,r5i1p1f1,tasmax,DJF,0.1,0.1,0.14142135623730953
MRI-ESM2-0,r5i1p1f1,tasmax,MAM,0.1,0.1,0.14142135623730953
MRI-ESM2-0,r5i1p1f1,tasmax,JJA,0.1,0,0.1
MRI-ESM2-0,r5i1p1f1,tasmax,SON,0.1,0,0.1
MRI-ESM2-0,r5i1p1f1,tasmin,DJF,0.1,0.1,0.14142135623730953
MRI-ESM2-0,r5i1p1f1,tasmin,MAM,0.1,0.1,0.14142135623730953
MRI-ESM2-0,r5i1p1f1,tasmin,JJA,0,0,0
MRI-ESM2-0,r5i1p1f1,tasmin,SON,0,0,0
MRI-ESM2-0,r5i1p1f1,DTR,DJF,0.1,0,0.1
MRI-ESM2-0,r5i1p1f1,DTR,MAM,0.1,0,0.1
MRI-ESM2-0,r5i1p1f1,DTR,JJA,0.1,0,0.1
MRI-ESM2-0,r5i1p1f1,DTR,SON,0.1,0,0.1
MRI-ESM2-0,r5i1p1f1,pr,Annual,9.31611507013519,1.1916375287812986,9.39201788754685
MRI-ESM2-0,r5i1p1f1,tasmax,Annual,0.2,0.14142135623730953,0.24494897427831783
MRI-ESM2-0,r5i1p1f1,tasmin,Annual,0.14142135623730953,0.14142135623730953,0.2
MRI-ESM2-0,r5i1p1f1,DTR,Annual,0.2,0,0.2
MRI-ESM2-0,r5i1p1f1,All,DJF,3.504283093587046,0.24494897427831783,3.512833614050059
MRI-ESM2-0,r5i1p1f1,All,MAM,4.603259714593562,0.17320508075688776,4.606517122512409
MRI-ESM2-0,r5i1p1f1,All,JJA,6.301587101675259,0.4,6.314269553954756
MRI-ESM2-0,r5i1p1f1,All,SON,3.702701716314724,1.1,3.8626415831655936
MRI-ESM2-0,r5i1p1f1,All,Annual,9.321480569094163,1.2083045973594573,9.399468070055882
NorESM2-LM,r2i1p1f1,pr,DJF,3,0,3
NorESM2-LM,r2i1p1f1,pr,MAM,4,-0.2,4.004996878900157
NorESM2-LM,r2i1p1f1,pr,JJA,6,-0.9,6.067124524847006
NorESM2-LM,r2i1p1f1,pr,SON,6,0,6
NorESM2-LM,r2i1p1f1,tasmax,DJF,0.2,0,0.2
NorESM2-LM,r2i1p1f1,tasmax,MAM,0.1,0,0.1
NorESM2-LM,r2i1p1f1,tasmax,JJA,0.1,0.1,0.14142135623730953
NorESM2-LM,r2i1p1f1,tasmax,SON,0.1,0.1,0.14142135623730953
NorESM2-LM,r2i1p1f1,tasmin,DJF,0.2,0,0.2
NorESM2-LM,r2i1p1f1,tasmin,MAM,0.1,0,0.1
NorESM2-LM,r2i1p1f1,tasmin,JJA,0.1,0.1,0.14142135623730953
NorESM2-LM,r2i1p1f1,tasmin,SON,0.1,0.1,0.14142135623730953
NorESM2-LM,r2i1p1f1,DTR,DJF,0,0,0
NorESM2-LM,r2i1p1f1,DTR,MAM,0,0,0
NorESM2-LM,r2i1p1f1,DTR,JJA,0.1,0,0.1
NorESM2-LM,r2i1p1f1,DTR,SON,0.1,0,0.1
NorESM2-LM,r2i1p1f1,pr,Annual,9.848857801796104,0.9219544457292888,9.891915891272024
NorESM2-LM,r2i1p1f1,tasmax,Annual,0.2645751311064591,0.14142135623730953,0.30000000000000004
NorESM2-LM,r2i1p1f1,tasmin,Annual,0.2645751311064591,0.14142135623730953,0.30000000000000004
NorESM2-LM,r2i1p1f1,DTR,Annual,0.14142135623730953,0,0.14142135623730953
NorESM2-LM,r2i1p1f1,All,DJF,3.0133038346638723,0,3.0133038346638723
NorESM2-LM,r2i1p1f1,All,MAM,4.0024992192379,0.2,4.007492981902776
NorESM2-LM,r2i1p1f1,All,JJA,6.002499479383567,0.9110433579144299,6.071243694664215
NorESM2-LM,r2i1p1f1,All,SON,6.002499479383567,0.14142135623730953,6.004165220911229
NorESM2-LM,r2i1p1f1,All,Annual,9.85697722428129,0.9433981132056605,9.902019995940226
NorESM2-MM,r2i1p1f1,pr,DJF,4.4,2,4.833218389437829
NorESM2-MM,r2i1p1f1,pr,MAM,3.8,1,3.9293765408777
NorESM2-MM,r2i1p1f1,pr,JJA,5.8,0.3,5.807753438292642
NorESM2-MM,r2i1p1f1,pr,SON,5.1,2.5,5.67978872846517
NorESM2-MM,r2i1p1f1,tasmax,DJF,0.2,0.1,0.223606797749979
NorESM2-MM,r2i1p1f1,tasmax,MAM,0.1,0,0.1
NorESM2-MM,r2i1p1f1,tasmax,JJA,0.1,0,0.1
NorESM2-MM,r2i1p1f1,tasmax,SON,0.1,0,0.1
NorESM2-MM,r2i1p1f1,tasmin,DJF,0.2,0.1,0.223606797749979
NorESM2-MM,r2i1p1f1,tasmin,MAM,0.1,0,0.1
NorESM2-MM,r2i1p1f1,tasmin,JJA,0.1,0,0.1
NorESM2-MM,r2i1p1f1,tasmin,SON,0.1,0,0.1
NorESM2-MM,r2i1p1f1,DTR,DJF,0.1,0,0.1
NorESM2-MM,r2i1p1f1,DTR,MAM,0.1,0,0.1
NorESM2-MM,r2i1p1f1,DTR,JJA,0.1,-0.1,0.14142135623730953
NorESM2-MM,r2i1p1f1,DTR,SON,0.1,0,0.1
NorESM2-MM,r2i1p1f1,pr,Annual,9.66695401871758,3.3674916480965473,10.236698686588367
NorESM2-MM,r2i1p1f1,tasmax,Annual,0.2645751311064591,0.1,0.28284271247461906
NorESM2-MM,r2i1p1f1,tasmin,Annual,0.2645751311064591,0.1,0.28284271247461906
NorESM2-MM,r2i1p1f1,DTR,Annual,0.2,0.1,0.223606797749979
NorESM2-MM,r2i1p1f1,All,DJF,4.41021541423999,2.004993765576342,4.84458460551573
NorESM2-MM,r2i1p1f1,All,MAM,3.803945320322047,1,3.933192087859427
NorESM2-MM,r2i1p1f1,All,JJA,5.802585630561603,0.31622776601683794,5.811196090307054
NorESM2-MM,r2i1p1f1,All,SON,5.10294032886923,2.5,5.682429058070149
NorESM2-MM,r2i1p1f1,All,Annual,9.676259607927024,3.371943060017473,10.246950765959602
TaiESM1,r1i1p1f1,pr,DJF,1.7,0,1.7
TaiESM1,r1i1p1f1,pr,MAM,2.8,0.3,2.8160255680657444
TaiESM1,r1i1p1f1,pr,JJA,5.1,-0.8,5.162363799656123
TaiESM1,r1i1p1f1,pr,SON,2.6,0.3,2.6172504656604803
TaiESM1,r1i1p1f1,tasmax,DJF,0.1,0,0.1
TaiESM1,r1i1p1f1,tasmax,MAM,0,0,0
TaiESM1,r1i1p1f1,tasmax,JJA,0,0,0
TaiESM1,r1i1p1f1,tasmax,SON,0,0,0
TaiESM1,r1i1p1f1,tasmin,DJF,0.1,0,0.1
TaiESM1,r1i1p1f1,tasmin,MAM,0,0,0
TaiESM1,r1i1p1f1,tasmin,JJA,0,0,0
TaiESM1,r1i1p1f1,tasmin,SON,0,0,0
TaiESM1,r1i1p1f1,DTR,DJF,0,0,0
TaiESM1,r1i1p1f1,DTR,MAM,0,0,0
TaiESM1,r1i1p1f1,DTR,JJA,0,0,0
TaiESM1,r1i1p1f1,DTR,SON,0,0,0
TaiESM1,r1i1p1f1,pr,Annual,6.595452979136459,0.9055385138137417,6.6573267908372955
TaiESM1,r1i1p1f1,tasmax,Annual,0.1,0,0.1
TaiESM1,r1i1p1f1,tasmin,Annual,0.1,0,0.1
TaiESM1,r1i1p1f1,DTR,Annual,0,0,0
TaiESM1,r1i1p1f1,All,DJF,1.7058722109231979,0,1.7058722109231979
TaiESM1,r1i1p1f1,All,MAM,2.8,0.3,2.8160255680657444
TaiESM1,r1i1p1f1,All,JJA,5.1,0.8,5.162363799656123
TaiESM1,r1i1p1f1,All,SON,2.6,0.3,2.6172504656604803
TaiESM1,r1i1p1f1,All,Annual,6.596969000988256,0.9055385138137417,6.658828725834597
